First,Last,email,Position,general area,Will Review?,expertise,,,
Quentin ,Atkinson,q.atkinson@auckland.ac.nz,Senior,Psychology,No,"Phylogenetics, cooperation, religion, anthropology, altruism",,,
Angelo,Cangelosi,acangelosi@plymouth.ac.uk,Senior,Computation,No,"AI, attention, robotics",,,
Andrew,Carstairs-McCarthy,andrew.carstairs-mccarthy@canterbury.ac.nz,Senior,Linguistics,No,"Morphology, language change (RETIRED)",,,
Michael,Corballis,m.corballis@auckland.ac.nz,Senior,Psychology,No,"cognitive neuroscience,visual perception, visual imagery, attention and memory, brain",,,
Jean-Marie,Hombert,jean-marie.hombert@univ-lyon2.fr,Senior,Linguistics,No,"Phonology, Africa, diachrnoic",,,
Bob,Ladd,bob.ladd@ed.ac.uk,Senior,Linguistics,No,"Phonology, phonetics",,,
Katja,Liebal,katja.liebal@fu-berlin.de,Senior,Anthropology,No,"Primatology, anthropology, pointing, emotion",,,
Amy,Perfors,amyfrancesca@stanfordalumni.org,Senior,Cognitive science,No,"Semantics, categories, semiotics, computation, acquisition",,,
Anne,Reboul,reboul@isc.cnrs.fr,Senior,Cognitive science,NO,"Acquisition, autism, Pragmatics, embodied, philosophy, grounding",,,
Hannah,Rohde,hannah.rohde@ed.ac.uk,Senior,Linguistics,No,"Grounding, semiotics, pragmatics, ",,,
Marilyn,Vihman,mv509@york.ac.uk,Senior,Linguistics,No,"Bilingualism, neuroscience, corpora, corpus, ethnography, development",,,
Jordan,Zlatev,Jordan.Zlatev@ling.lu.se,Senior,Linguistics,No,"Semiotics, conciousness, gestures, iconicity, motion",,,
Camps,Marta,marta.camps@gmail.com,Senior,Anthropology,NO,"Paleolithic, Neandertals, Archeology, ",,,new
Erkki,Luuk,erkkil@gmail.com,Senior,Linguistics,"No
","Syntax, typology, semantics",,,
Natasha,Abner,abnern@mail.montclair.edu,Senior,Linguistics,,"Syntax, sign language, homesign",,,
Christian,Abry,chris.abry@orange.fr,Senior,Primatology,,"Speech production, primatology, gestures, pointing, deixis,",,,
Michael,Arbib,arbib@usc.edu,Senior,Cognitive science,,"Neuroscience, computational, neural networks, mirror neurons, action",,,
Kate,Arnold,ka11@st-andrews.ac.uk,Senior,"Primatology, animal cognition",,"Evolutionary psychology, vocalization, primatology",,,
Jordi,Arranz,jordi.arranz@soton.ac.uk,Senior,Cognitive science,,"Computation, AI complex systems, simulation, niche",,,
Andrea,Baronchelli,a.baronchelli.work@gmail.com,Senior,Computation,,"Networks, corpora, twitter, Complex systems, computation",,,
Mark,Bartlett,bartlett@cs.york.ac.uk,Senior,Computation,,"AI, computational, economics",,,
Teresa,Bejarano,tebefer@us.es,Senior,Philosophy,,"Theory of mind, pragmatics",,,
Till ,Bergmann,tbergmann@ucmerced.edu,Senior,,,"Cognitive linguistics, language change, iterated learning, semiotics",,,
Robert,Berwick,berwick@csail.mit.edu,Senior,Cognitive science,,"Computation, complex systems, philosophy of biology",,,
R.A.,Blythe,R.A.Blythe@ed.ac.uk,Senior,Computation,,"Mathematics, computation, simulaiton",,,
Robert,Boyd,Robert.Boyd.1@asu.edu,Senior,Cogntiive science,,"Evolutionary psychology, cultural evolution, mathematics, simulation, ",,,
Greg,Bryant,gabryant@ucla.edu,Senior,Psycholinguistics,,"Pragmatics, psycholinguistics, vocal communication, prosody",,,
Christine,Caldwell,c.a.caldwell@stir.ac.uk,Senior,Cultural evolution,,"Experiments, social learning, primatology",,,
Erica,Cartmill,ericacartmill.gmail.com,Senior,,,,,,
Matt,Cartmill,cartmill@bu.edu,Senior,Anthropology,,"Evolutionary anthopology, morphology, human fossil record",,,
Morten,Christiansen,mhc27@cornell.edu,Senior,Cognitive science,,Acquisition and Processing of Language; Sequential Learning; Computational Models of Language and Sequential Learning; Neuroimaging of Sequential Learning and Language; Genetics of Language; Cognitive Science/Neuroscience.,,,
Brady,Clark,bzc313@babel.ling.northwestern.edu,Senior,Linguistics,,"Semantics, mathematics, syntax, language change, focus, conversation, interaction",,,
Frederick,Coolidge,fcoolidg@uccs.edu,Senior,Psychology,,"Behavior Genetics, comparative archaeology",,,
Kensy,Cooperrider,kensy@uchicago.edu,Senior,Linguistics,,"Gesture, Cognitive Science",,,
Marie,Coppola,marie.coppola@uconn.edu,Senior,Linguistics,,"Language Acquisition,Homesign, Sign Language and Language Emergence, Gesture and Communication, Fieldwork Methods for Sign Language Research ",,,
Hannah,Cornish,hannah.cornish@stir.ac.uk,Senior,,,"Iterated learning, experimental, cultural evolution",,,
,,,,,,,,,
Bart,de Boer,bart.de.boer@ai.vub.ac.be,Senior,Linguistics,,"Pholology, phonetics, computation, genetics",,,
Connie,de vos,connie.devos@mpi.nl,Senior,,,"Sign language, gesture, conversation",,,
Dan,Dediu,Dan.Dediu@mpi.nl,Senior,Computation,,"Phylogenetics, phonology, computation, simulation, genetics",,,
Jean-Louis,Dessalles,jean-louis.dessalles@telecom-paristech.fr,Senior,Cognitive science,,"genetics, reasoning, computation",,,
Mark,Dingemanse,mark.dingemanse@mpi.nl,Senior,,,(Sean has selected some abstracts),,,
Daniel ,Dor,danield@post.tau.ac.il,Senior,Linguistics,,"Evolutionary theory, semantics, culture, philosophy",,,
Michael,Dunn,Michael.dunn@mpi.nl,Senior,Cognitive science,,"Phylogenetics, cultural evoution, typology, semantics",,,
Mark,Ellison,mark@markellison.net,Senior,Cognitive science,,"Language change, learning, computation",,,
Nicolas,Fay,nfay@psy.uwa.edu.au,Senior,Cognitive science,,"Iterated learning, experimental, cultural evolution",,,
Olga,Feher,olcifeher@gmail.com,Senior,,,"birdsong, iterated learning, cultural evolution",,,
Vanessa ,Ferdinand,vanessa@santafe.edu,Senior,,,"Computation, mathematics",,,
Ramon,Ferrer i cancho,ramon.ferrericancho@gmail.com,Senior,Computation,,"Physics, computation, complex systems, brain, ",,,
**Tecumseh,Fitch,tecumseh.fitch@univie.ac.at,Senior,Biology,,"vocal communication, music, physiology, evolutionary theory, genetics",,,
Molly,Flaherty,mflaherty@gmail.com,Senior,cognitive science,,"homesign, sign language, (iterated learning)",,,
Jacob,Foster,foster@soc.ucla.edu,Senior,Sociology,,"Cultural evolution, complex systems, networks, strategies",,,
Michael ,Franke,mchfranke@gmail.com,Senior,Cognitive science,,"Logic, computation, processing, simulation, sematics, pragmatics, game theory",,,
Roland,Frey,FREY@izw-berlin.de,Senior,,,"Primatology, physiology, vocalization structures",,,
Bruno,Galantucci,galantuc@yu.edu,Senior,linguistics,,experimental semiotics,,,
Simon,Garrod,s.garrod@psy.gla.ac.uk,Senior,Psychology,,"Discourse, commuication, semantics, cultural evolution, iconicity",,,
Emilie,Genty,gentyemilie@yahoo.fr,Senior,Primatology,,"Primatology, deception, gesture",,,
David,Gil,gil@eva.mpg.de,Senior,Anthropology,,"Mathematics, anthropology, acquisition, philosophy, typology",,,
Bruno,Gingras,brunogingras@gmail.com,Senior,Cognitive science,,"music, genetics, ",,,
Tao,Gong,gtojty@gmail.com,Senior,Computation,,"Computation, simulation, mathematics",,,
Chloe ,Gonseth,chloe.gonseth@gmail.com,Senior,Psychology,,"Multimodal, gesture, acquisition, neuroscience",,,
Tom,Griffiths,tom_griffiths@berkeley.edu,Senior,Cognitive Science,,"Bayesian modelling, rationality, learning, mathematics",,,
Harald,Hammarström,harald.hammarstroem@mpi.nl,Senior,,,(Sean has selected some abstracts),,,
Stevan,Harnad,harnad@ecs.soton.ac.uk,Senior,Cognitive science,,"consciousness, grounding, communication",,,
Stefan ,Hartmann,stefan.hartmann@uni-mainz.de,Senior,,,"Syntax, sematics, cognitive linguistics",,,
John,Hawks,jhawks@wisc.edu,Senior,Evolution,,"Neandertals, genetics, anthropology",,,
**Catherine,Hobaiter,clh42@st-andrews.ac.uk,Senior,Primatology,,"Gesture, great apes",,,
Jim,Hurford,jim@ling.ed.ac.uk,Senior,,,,,,
Eric,Jarvis,jarvis@neuro.duke.edu,Senior,,,,,,
Stephanie ,Jett,stephanie.e.jett@gmail.com,Senior,,,"Primatology, animal cognition, ",,,
Sverker,Johansson,Sverker.Johansson@hlk.hj.se,Senior,General,,"Origins of language, general",,,
Junko ,Kanero,jkanero@temple.edu,Senior,,,"Development, agency, causality",,,
James,Kirby,j.kirby@ed.ac.uk,Senior,Linguistics,,"Phonology, computation",,,
**Simon,Kirby,simon@ling.ed.ac.uk,Senior,,,,,,
Chris,Knight,chris.knight@live.com,Senior,General,,"Cultural evolution, religion",,,
Marion,Laporte,marion1laporte@gmail.com,Senior,Primatology,,"Primatology, vocal communication",,,
David,Leavens,davidl@sussex.ac.uk,Senior,Psychology,,"Anthropology, nonverbal communication, primatology, joint attention",,,
Simon,Levy,levys@wlu.edu,Senior,Computation,,"Neural networks, robotics, AI, mathematics, philosophy, wittgenstein",,,
Philip,Lieberman,Philip_Lieberman@brown.edu,Senior,Cognitive science,,"vocal anatomy, brain, syntax, emotion, genetics",,,
Elena,Lieven,elena.lieven@manchester.ac.uk,Senior,Psychology,,"Syntax, development, acquisition, multilingualism, bilingualism, variation",,,
David,Lightfoot,lightd@georgetown.edu,Senior,Linguistics,,"Syntax, acquisition, language change, morphology",,,
Gary,Lupyan,glupyan@gmail.com,Senior,Cognitive science,,"Perception, categories, statistics computation",,,
Heidi,Lyn,heidilynphd@aol.com,Senior,,,,,,
Elainie,Madsen,elainie.madsen@gmail.com,Senior,,,"dogs, referentiality, comparative cognition, audience effects, laughter",,,
Michiru,Makuuchi,makuuchi-michiru@rehab.go.jp,Senior,Cogntiive science,,"Brain, comprehension, memory, biology, fMRI, neural",,,
Mauricio ,Martins,mauricio.martins@univie.ac.at,Senior,,,"AI, music, brain",,,
Doug,Mastin,jdmastin@stanford.edu,Senior,Linguistics,,"Multimodal, acquisition, vocabulary, group size",,,
Luke,McCrohon,luke.mccrohon@gmail.com,Senior,Linguistics,,"Language change, computation, simulation, coevolution, areal linguistics, genetics",,,
Adrien,Meguerditchian,adrien.meguerditchian@univ-amu.fr,Senior,Primatology,,"Handedness, primatology, tool use, brain",,,
Dominic ,Mitchell ,dm362@bath.ac.uk ,Senior,,,"Gossip, Public Language, AI, models of animal behaviour",,,
Richard,Moore,richard_moore@eva.mpg.de,Senior,Anthropology,,"Gesture, social learning, imitation, philosophy",,,
Juan Carlos,Moreno Cabrera,juancarlos.moreno@uam.es,Senior,Linguistics,,"Multilingualism, bilingualism, sematics, typology",,,
Keelin ,Murray,kmm26@st-andrews.ac.uk,Senior,Psychology,,"Music, protolanguage, cultural evolution",,,
Dillon ,Niederhut,dillon.niederhut@berkeley.edu,Senior,,,"Anthroplogy, neuroscience, philosophy",,,
Mieko,Ogura,ogura-m@tsurumi-u.ac.jp,Senior,Linguistics,,"Computation, simulation, phonology, tone",,,
**Kazuo,Okanoya,okanoya@brain.riken.jp,Senior,Biology,,"Birdsong, Neuroscience, Genetics",,,
Irene,Pepperberg,impepper@media.mit.edu,Senior,,,,,,
**Simone,Pika,spika@orn.mpg.de,Senior,Primatology,,"gesture, comparative communication, development",,,
Michael ,Pleyer,michael.pleyer@hggs.uni-heidelberg.de,Senior,,,"Cognitive linguistics, ",,,
Camilla,Power,C.C.Power@uel.ac.uk,Senior,Anthropology,,"Neandertals, sexual selection, kinship, evolutionary psychology, ritual, gender",,,
Ljiljana,Progovac,progovac@wayne.edu,Senior,Linguistics,,"Syntax, Semantics, biolinguistics, ritual, insults",,,
Sonia,Ragir,soniaragir@gmail.com,Senior,Anthropology,,"Diet, genetics, communication, hunters and gatherers, old world, tool",,,
Gareth,Roberts,gareth.roberts@yu.edu,Senior,Linguistics,,"semiotics, language change, grounding, cultural evolution",,,
Sean,Roberts,sean.roberts@mpi.nl,Senior,,,,,,
Marieke,Schouwstra,Marieke.Schouwstra@phil.uu.nl,Senior,,,,,,
John,Schumann,schumann@humnet.ucla.edu,Senior,Linguistics,,"Bilingualism, acquisition, SLA, pragmatics, brain, semitoics,",,,
Thom,Scott-Phillips,thom.scottphillips@gmail.com,Senior,Cognitive science,,"Pragmatics, semiotics, philosophy, mathematics, cultural evolution",,,
Robert,Seyfarth,seyfarth@psych.upenn.edu,Senior,Anthropology,,"Primatology, vocal communication, social relationships, network",,,
Catriona,Silvey,C.A.Silvey@sms.ed.ac.uk,Senior,(student),,"experiments, semantics, iterated learning, categorization",,,
**Barbora,Skarabella,barbora@ling.ed.ac.uk,Senior,Linguistics,,"Language Development, pragmatics, theory of mind, cross-cultural comparison",,,
Katie,Slocombe,ks553@york.ac.uk,Senior,Psychology,,"Vocal communication, primatology, social cognition, emotion, autism",,,
Andrew,Smith,andrew.smith@stir.ac.uk,Senior,Linguistics,,"systematicity, Cross-situational learning, cultural evolution, socio-cognitive linguistics, grammaticalisation",,,
Kenny,Smith,kenny@ling.ed.ac.uk,Senior,Cognitive science,,"Computation, semiotics, cross-situational learning",,,
Michael ,Spranger ,michael.spranger@gmail.com ,Senior,Cognitive science,,"Robotics, AI, naming game, lexicon, grounding, semantics",,,
James,Steele,tcrnjst@ucl.ac.uk,Senior,Cognitive science,,"Computation, tool use, anthropology, archaeology, cultural evolution",,,
Nina,Stobbe,nina.stobbe@univie.ac.at,Senior,Cognitive science,,"Animal communication, semiotics, artificial grammar, genetics, biology",,,
Justin,Sulik,J.W.B.Sulik@sms.ed.ac.uk,Senior,,,"Philosophy, semiotics",,,
Kenta ,Suzuki ,kentszk@gmail.com ,Senior,Psychology,,"Domestication, birds, song, biology, brain",,,
Samarth,Swarup,samarth.swarup@gmail.com,Senior,Computation,,"Computation, simulation, mathematics, network, sociolinguistics, neural network",,,
Whitney,Tabor,whitney.tabor@uconn.edu,Senior,linguistics,,"Perception, action, language change, psychology of language",,,
Masanori ,Takezawa,m.takezawa@let.hokudai.ac.jp,Senior,Psychology,,"cultural evolution, computation, social learning, cooperation",,,
Maggie,Tallerman,Maggie.Tallerman@newcastle.ac.uk,Senior,Linguistics,,"Morphology, Syntax, protolanguage, lexicon",,,
Monica,Tamariz,monica@ling.ed.ac.uk,Senior,Linguistics,,"Cultural evolution, semiotics, lexicon, philosophy",,,
Bill ,Thompson ,bill@ai.vub.ac.be,Senior,,,"computation, simulation, bayesian",,,
Rory ,Turnbull ,turnbull@ling.osu.edu ,Senior,,,"Information theory, predictability, production",,,
Natalie,Uomini,n.uomini@liv.ac.uk,Senior,archaeology,,"hand preference and brain lateralisation, tools, neuroscience, primatology",,,
Anne ,van der Kant ,a.m.van.der.kant@hum.leidenuniv.nl ,Senior,,,"Language acquisition, Learning and the brain, Bird song learning, Small animal fMRI, neuroscience",,,
Remi,van Trijp,remi@csl.sony.fr,Senior,Linguistics,,"Syntax, case, construction grammar, usage models, event structures",,,
Jacques,Vauclair,jacques.vauclair@univ-amu.fr,Senior,Psychology,,"Primatology, animal cognition, acquisition, emotion, spatial",,,
Tessa ,Verhoef,tessauva@gmail.com,Senior,,,"Phonology, semiotics, AI, computaiton",,,
Paul,Vogt,p.a.vogt@uvt.nl,Senior,Linguistics,,"AI, computation, developmental psychology, anthropology, acquistion, simulation",,,
Slawomir,Wacewicz,wacewicz@umk.pl (wrong: swacewicz@wp.pl),Senior,Linguistics,,"Exemplar theory, gesture, lexicon, semotics, conversation, protolanguage",,,
Jeffrey ,Watumull,jw647@cam.ac.uk,Senior,,,"Mathematics, biolilnguistics, syntax, animal cognition",,,
Stephanie,White,sawhite@ucla.edu,Senior,Biology,,"Memory, vocal communication, acquisiton, FOXP2, genetics,",,,
Hajime,Yamauchi,hoplite@usa.net,Senior,Computation,,"Cultural evolution, Baldwin effects",,,
Jelle,Zuidema,zuidema@uva.nl,Senior,,,"computation, language processing, music",,,
Rie ,Asano,rie.asano@web.de,Student,Psychology,,"Music, biology, rhythm, protolanguage",,,
Mark ,Atkinson,m.d.atkinson@sms.ed.ac.uk,Student,Linguistics,,"Semiotics, group size",,,
Lluís,Barceló i Coblijn,lluis.barcelo@uib.cat,Senior,Linguistics,,"Recursion, small-world networks, Neandertals, duality of patterning",,,
Aleksandrs ,Berdicevskis,alexberd@gmail.com,Student,Linguistics,,"Lexicon, morphology, semantics, computation, cultural evolution, corpora, corpus",,,
Hannah ,Little,hannah@ai.vub.ac.be,Student,,,"Semiotics, compositionality, morphology",,,
Alan ,Nielsen,s1143223@sms.ed.ac.uk,Student,,,"sound symbolism/cross-modality, experiments",,,
Carmen,Saldaña,ccsaldaga@gmail.com,Student,(student),,"Chomskyan UG stuff, some neuroscience, syntax - minimal nativism, biolinguistics (but from the Edinburgh lab!)",,,
Matt ,Spike,matthew.spike@ed.ac.uk,Student,,,"Naming game, computation, mathematics",,,
Kevin ,Stadler,kevin.stadler@ed.ac.uk,Student,,,"Computation, simulation, phylogenetics",,,
Sabine ,van der Ham ,sabine@ai.vub.ac.be ,Student,,,"Signal processing, semiotics, pragmatics, pronouns",,,
Bodo ,Winter,bodo@bodowinter.com,Student,,,"Phonetics, semantics, Statistics, group size",,,
James,Winters,J.R.Winters@sms.ed.ac.uk,Student,,,"Cultural evolution, statistics, population size effects",,,
Hope,Morgan,HMORGAN@ucsd.edu,Student,Linguistics,,"Sign language, field work, phonology, language emergence",,,NEW
Ashley,Micklos,amicklos@ucla.edu,Student,Linguistics,,"Communication, discourse, repair, interaction, gesture",,,NEW
Damian,Blasi,damian.blasi@mis.mpg.de,Student,,,"Typology, statistical models, data science",,,NEW
Marcus,Perlman,mperlman@gmail.com,Senior,,,"Comparative methods, apes, iconicity, gesture, vocalization",,,NEW
Mauricio ,Martins,mauricio.martins@univie.ac.at,Senior (?),Cognitive Science,,"Recursion, cognition",,,NEW
Andrea,Ravignani,andrea.ravignani@gmail.com,Senior,,,"Music, rhythm, comparative methods, models, birds, apes",,,NEW
Carel,ten Cate,c.j.ten.cate@biology.leidenuniv.nl,Senior,Behavioural Biology,,"Birdsong, cultural evolution, artificial grammar learning",,,NEW
Michelle ,Spierings,m.j.spierings.2@biology.leidenuniv.nl,Student,Behavioural Biology,,"Birdsong, grammar learning in birds and infants",,,NEW
Katharina,Riebel,k.riebel@biology.leidenuniv.nl,Senior,Behavioural Biology,,"Birdsong, social selection, development of vocal learning",,,NEW
Jennifer,Culbertson,jennifer.culbertson@ed.ac.uk,Senior,Linguistics,,"Typology, cognition, modeling ",,,NEW
Nikolaus,Ritt,nikolaus.ritt@univie.ac.at,Senior,Linguistics,,"Historical linguistics, language transmission and evolution",,,NEW
Chris,Petkov,chris.petkov@ncl.ac.uk,Senior,Neuroscience,,"Evolutionary relationships in brain function, cognition, communication, monkeys",,,NEW
Ben,Wilson,benjamin.wilson@ncl.ac.uk,Senior,Neuroscience,,"Neuroimaging, artificial grammar learning in monkeys",,,NEW
Przemyslaw,Zywiczynski,Przemyslaw.Zywiczynski@umk.pl,Senior,Linguistics,,"Politeness, Semantics, Semiotics",,,NEW
Cory,Cuthbertson,coryographies@gmail.com,Student,Archaeology,,"Archaeology, stone tools",,,NEW
Koji,Fujita,fujita.koji.3x@kyoto-u.ac.jp ,Senior,Linguistics,,"Generative Linguistics, Biolinguistics",,,NEW
Takashi,Hashimoto,hash@jaist.ac.jp ,Senior,Computation,,"Simulation, Complex Systems, Evolutionary economics",,,NEW
Benítez-Burraco,Antonio,antonio.benitez@dfesp.uhu.es,Senior,Genetics/ Linguistics,,"genetics, language disorders, Neandertals, Biological theory",,,new
Longa ,Víctor,victormanuel.longa@usc.es,Senior,Linguistics,,"syntax, knots, formal grammars, lithic tools, Biological theory",,,new
Lorenzo,Guillermo,glorenzo@uniovi.es,Senior,Linguistics,,"syntax, knots, Minimalism, Philosophy of Biology",,,new
Balari,Sergi,sergi.balari@uab.cat,Senior,Linguistics,,"Formal grammars, Philosophy of Biology, knots",,,new
Rosselló,Joana,joana.rossello@ub.edu,Senior,Linguistics,,"Sign Language, Duality of Patterning, origin of vowels and consonants, iconicity, null arguments, speech/sign perception, phonology and grammar in schizophrenia",,,new
Hinzen,Wolfram,wolfram.hinzen@gmail.com,Senior,Philosophy of Language,,"grammar in schizophrenia, truth value, semantics, minimalism, ",,,new
Martín,Txuss,txussmartin@gmail.com,Senior,Philosophy of Language,,"grammar, clitics, Philosophy of Grammar, biolinguistics",,,new
Gomila,Antoni,toni.gomila@uib.cat,Senior,Philosophy of Language,,"Mind structure, robots, embodiment, thought and language, representation and meaning, expression and intersubjectivity, intentional explanation and rationality",,,new
Irurtzun,Aritz,aritz.irurtzun@iker.cnrs.fr,Senior,Linguistics,,"Syntax, Semantics, Prosody, Basque, ",,,new
Allison ,Wray,,,,,,,,